[{"@type":"mappingTemplate","id":"@1","name":"BD_WS_Mapping_BAPI_Companycode_Get_Detail","description":"","bundleVersion":"0","templateId":"@3","deployTime":1648047440000,"hasParameters":false,"valid":true,"fixedConnection":true,"hasParametersDeployed":false,"fixedConnectionDeployed":true,"tasks":2,"mappingPreviewFileRecordId":"@2","documentType":"MAPPING","references":[{"@type":"reference","refObjectId":"@54mleds7yeLb6VHQJzQ6gx","refType":"businessService"},{"@type":"reference","refObjectId":"@3mFXKbxUrIOdAUqYxZITQh","refType":"hschema"},{"@type":"reference","refObjectId":"@fV2i7SGdsukfjepZtz2ncP","refType":"connection"},{"@type":"reference","refObjectId":"@1JNXLFk4D6nbvwhsCQVlMh","refType":"connection"}]}]