[{"@type":"fileRecord","id":"@2","name":"extension","type":"XML","size":81700,"attachTime":1647338058000},{"@type":"fileRecord","id":"@3","name":"fault","type":"XSD","size":36351,"attachTime":1647338058000},{"@type":"fileRecord","id":"@4","name":"metadata","type":"JSON","size":31056,"attachTime":1647338058000},{"@type":"fileRecord","id":"@5","name":"request","type":"XSD","size":8431,"attachTime":1647338058000},{"@type":"fileRecord","id":"@6","name":"response","type":"XSD","size":36356,"attachTime":1647338058000}]